site_id,mse,rmse
US-ARM,0.4667394161224365,0.6831832961383325
