site_id,mse,rmse
FR-Hes,0.002392906928434968,0.0489173479292875
