site_id,mse,rmse
CA-Qfo,0.5320983529090881,0.7294507200003906
