site_id,mse,rmse
IT-MBo,0.49451225996017456,0.70321565679397
