site_id,mse,rmse
DE-SfN,0.0006031636730767787,0.024559390730976585
