site_id,mse,rmse
DE-Lnf,0.0013421826297417283,0.03663581075589468
