site_id,mse,rmse
US-Wi8,0.002780458889901638,0.052730056797822986
