site_id,mse,rmse
GF-Guy,0.6205320358276367,0.7877385580429821
