site_id,mse,rmse
US-NC4,0.004954666364938021,0.07038939099706731
