site_id,mse,rmse
AU-GWW,0.4413716495037079,0.664358073258471
