site_id,mse,rmse,r2,relative_error,mae
DE-Hai,0.00515739293769002,0.07181499103731769,0.5824997425079346,0.18890923261642456,0.05408512428402901
