location,mse
-22.283_133.249,2.7973891869921006e-16
-33.4648_-66.4598,8.821912557590213e-15
47.1167_11.3175,1.4578841825942775e-16
