test_cluster,ensemble_mse_scaled,full_mse_scaled,ensemble_rmse_scaled,full_rmse_scaled,ensemble_r2,full_r2,ensemble_relative_error,full_relative_error,ensemble_mae,full_mae,G_hat_count,O_hat_count,O_hat
3,0.27107721657749184,0.0006681766522146059,0.5206507625822628,0.025849113180428568,-187.51066320174817,0.5353411642807986,1.0,0.032734526113081856,0.5192679679158457,0.01757198989244144,13,0,[]
