site_id,mse,rmse
IT-MBo,0.012387451715767384,0.1112989295355862
