site_id,mse,rmse
GF-Guy,0.020115206018090248,0.14182808613984133
