site_id,mse,rmse
US-Wi8,0.0737525224685669,0.2715741564813686
