site_id,mse,rmse
US-NC4,0.014340640977025032,0.1197524153285646
