site_id,mse,rmse
DE-Lnf,0.04233613610267639,0.20575746912974116
