site_id,mse,rmse
FR-Hes,0.011794937774538994,0.1086045016310972
