site_id,mse,rmse
DE-SfN,0.011908145621418953,0.10912445015402805
