site_id,mse,rmse
AU-GWW,0.02187342755496502,0.1478966786475106
