site_id,mse,rmse
CA-Qfo,0.031056169420480728,0.17622760686249112
