site_id,mse,rmse
US-ARM,0.008608863689005375,0.09278396245583272
