cluster,mse,rmse
5,0.013630332425236702,0.11674901466494997
