cluster,mse,rmse
3,0.014146635308861732,0.11893962884111306
