cluster,mse,rmse
7,0.011602082289755344,0.10771296249642076
