cluster,mse,rmse
2,0.01723882183432579,0.1312966939200138
