cluster,mse,rmse
5,0.01384769193828106,0.11767621653622731
