cluster,mse,rmse
3,0.013988901861011982,0.11827468816704605
