cluster,mse,rmse
2,0.017664333805441856,0.132907237596159
