cluster,mse,rmse
7,0.012125898152589798,0.11011765595302961
