cluster,mse,rmse
4,0.019083507359027863,0.13814306844365323
