cluster,mse,rmse
8,0.015585847198963165,0.12484329056446392
