cluster,mse,rmse
9,0.014281580224633217,0.11950556566383516
