cluster,mse,rmse
1,0.018170451745390892,0.13479781802904264
