cluster,mse,rmse
8,0.01565375365316868,0.12511496174786083
