cluster,mse,rmse
1,0.017678234726190567,0.13295952288644303
