cluster,mse,rmse
6,0.017966244369745255,0.13403821980966943
