cluster,mse,rmse
4,0.019109291955828667,0.13823636263960604
