cluster,mse,rmse
6,0.01778104156255722,0.1333455719645659
