cluster,mse,rmse
9,0.014632643200457096,0.12096546284149495
