test_cluster,ensemble_mse_scaled,full_mse_scaled,ensemble_rmse_scaled,full_rmse_scaled,ensemble_r2,full_r2,ensemble_relative_error,full_relative_error,ensemble_mae,full_mae,O_hat_count
4,0.00039331562625891586,0.00039420620526854096,0.019832186623237383,0.019854626797513493,0.5449762878304838,0.5439459840747081,0.02768852167171696,0.027721865825471034,0.014522491863187499,0.014539122023670008,13
