site_id,mse,rmse,r2,relative_error,mae
CZ-Stn,0.000663627521134913,0.025760968947904753,0.5682226419448853,0.03436072915792465,0.01838500425219536
