site_id,mse,rmse,r2,relative_error,mae
US-xGR,0.0010892207501456141,0.03300334452969296,0.5608041286468506,0.04380432516336441,0.023805560544133186
