site_id,mse,rmse,r2,relative_error,mae
DE-Kli,0.0006803707219660282,0.026083916921467686,0.4834659695625305,0.029734717682003975,0.016192687675356865
