site_id,mse,rmse,r2,relative_error,mae
CN-HaM,0.0033004372380673885,0.05744943200822258,-7.204924583435059,0.0804932713508606,0.040721818804740906
