site_id,mse,rmse,r2,relative_error,mae
AU-Cum,0.0004222397692501545,0.020548473647698372,0.26656126976013184,0.02862796001136303,0.014789934270083904
