site_id,mse,rmse,r2,relative_error,mae
US-Me2,0.00027140910970047116,0.0164744987693244,0.7261239290237427,0.022777676582336426,0.012139812111854553
