site_id,mse,rmse,r2,relative_error,mae
AU-Cpr,0.0003289762535132468,0.01813770254230802,-1.781306505203247,0.025040965527296066,0.012752223759889603
