site_id,mse,rmse,r2,relative_error,mae
DE-RuR,0.0005652087857015431,0.023774120082592817,0.6408053040504456,0.02969357743859291,0.0163049828261137
