site_id,mse,rmse,r2,relative_error,mae
US-xNQ,0.00045220545143820345,0.02126512288791681,-18.97121810913086,0.03600349277257919,0.018098359927535057
