site_id,mse,rmse,r2,relative_error,mae
US-xAE,0.00032710906816646457,0.0180861568102918,-0.1492295265197754,0.02665487676858902,0.013616320677101612
