site_id,mse,rmse,r2,relative_error,mae
RU-Fy2,0.0006186635582707822,0.024872948322842273,0.589267373085022,0.03160421922802925,0.01713312603533268
