site_id,mse,rmse,r2,relative_error,mae
US-ICt,0.0003709802986122668,0.019260848854925027,-6.00948429107666,0.03116782195866108,0.015692561864852905
