site_id,mse,rmse,r2,relative_error,mae
US-xTR,0.0005398561479523778,0.02323480466783351,0.543612003326416,0.03441513702273369,0.018015408888459206
