site_id,mse,rmse,r2,relative_error,mae
AU-Rob,0.0007377589936368167,0.027161719268794765,0.495500385761261,0.04469602182507515,0.023133767768740654
