site_id,mse,rmse,r2,relative_error,mae
US-xDL,0.0010074784513562918,0.031740801050954774,0.5411694645881653,0.04307764396071434,0.0231699850410223
