site_id,mse,rmse,r2,relative_error,mae
AU-Dry,0.0003089356468990445,0.01757656527593046,0.39883536100387573,0.023560240864753723,0.012214350514113903
