site_id,mse,rmse,r2,relative_error,mae
CN-Sw2,0.001002478413283825,0.03166193950603508,-5.977588653564453,0.052749764174222946,0.02630741521716118
