site_id,mse,rmse,r2,relative_error,mae
CA-NS2,0.00035393561120145023,0.018813176531395494,-0.025866270065307617,0.0293109267950058,0.014917893335223198
