site_id,mse,rmse,r2,relative_error,mae
IT-CA1,0.00034526645322330296,0.01858134691628416,0.580420732498169,0.023774588480591774,0.01261829026043415
