site_id,mse,rmse,r2,relative_error,mae
CZ-BK1,0.00137162150349468,0.03703540877990521,0.2493465542793274,0.046138521283864975,0.02496006339788437
