site_id,mse,rmse,r2,relative_error,mae
RU-Cok,0.00026414691819809377,0.01625259727545397,-0.48519396781921387,0.02513452060520649,0.012839711271226406
