site_id,mse,rmse,r2,relative_error,mae
US-Me1,0.0008769118576310575,0.029612697574369302,-8.428091049194336,0.03515198454260826,0.01779133640229702
