site_id,mse,rmse,r2,relative_error,mae
IL-Yat,0.0007627343875356019,0.027617646306946613,-2.304637908935547,0.03315868601202965,0.01689169928431511
