site_id,mse,rmse,r2,relative_error,mae
BE-Lcr,0.001129850628785789,0.033613250791701015,0.45786309242248535,0.03612285479903221,0.02044595591723919
