site_id,mse,rmse,r2,relative_error,mae
ES-LJu,0.0005240138270892203,0.022891348302125417,-16.07943344116211,0.03391538932919502,0.01706443727016449
