site_id,mse,rmse,r2,relative_error,mae
US-xCL,0.0003144196525681764,0.01773188237520699,0.655452311038971,0.025163568556308746,0.013159789144992828
