site_id,mse,rmse,r2,relative_error,mae
IT-BCi,0.002098991069942713,0.04581474729759745,0.15006619691848755,0.04563860967755318,0.02597857266664505
