site_id,mse,rmse,r2,relative_error,mae
US-Goo,0.0005554340896196663,0.0235676492170871,0.5407711267471313,0.033974166959524155,0.01780322939157486
