site_id,mse,rmse,r2,relative_error,mae
AU-Stp,0.0005594880203716457,0.023653499114753524,-2.0684292316436768,0.034320514649152756,0.017360050231218338
