site_id,mse,rmse,r2,relative_error,mae
US-Wi6,0.0005480062682181597,0.02340953370356103,-0.19038748741149902,0.03424301743507385,0.01731916330754757
