site_id,mse,rmse,r2,relative_error,mae
CN-Din,0.0004847814270760864,0.02201775254371087,0.4139746427536011,0.03625955060124397,0.01866362802684307
