site_id,mse,rmse,r2,relative_error,mae
US-SRG,0.00043722958071157336,0.02091003540675083,-1.033534049987793,0.03302687406539917,0.01675168052315712
