site_id,mse,rmse,r2,relative_error,mae
RU-Fyo,0.0006258819485083222,0.02501763275188766,0.4551146626472473,0.033331286162137985,0.017690381035208702
