site_id,mse,rmse,r2,relative_error,mae
BE-Dor,0.0008467460866086185,0.029098901811041227,0.5788892507553101,0.033622536808252335,0.01909620314836502
