site_id,mse,rmse,r2,relative_error,mae
ES-LM2,0.00022820179583504796,0.015106349520484688,0.6342759132385254,0.020729251205921173,0.01086081936955452
