site_id,mse,rmse,r2,relative_error,mae
FI-Ken,0.00020029389997944236,0.014152522742587003,0.3837842345237732,0.02314922772347927,0.011767294257879257
