site_id,mse,rmse,r2,relative_error,mae
US-xHA,0.0008093699580058455,0.02844942807871268,0.575124979019165,0.03865206614136696,0.020849432796239853
