site_id,mse,rmse,r2,relative_error,mae
US-SRC,0.00046949033276177943,0.021667725601958766,-17.55571174621582,0.035848382860422134,0.018042301759123802
