site_id,mse,rmse,r2,relative_error,mae
CA-NS5,0.00040427656495012343,0.020106629875494386,0.07211601734161377,0.031882885843515396,0.016178978607058525
