site_id,mse,rmse,r2,relative_error,mae
CN-Cng,0.00038155619404278696,0.019533463442072605,-0.4063528776168823,0.031804703176021576,0.01615588553249836
