site_id,mse,rmse,r2,relative_error,mae
US-Wi0,0.0006604422233067453,0.025699070475539487,0.5790976285934448,0.035840895026922226,0.01895587518811226
