site_id,mse,rmse,r2,relative_error,mae
GH-Ank,0.00305561488494277,0.05527761649115101,0.013225674629211426,0.0701090395450592,0.03847017511725426
