site_id,mse,rmse,r2,relative_error,mae
FI-Var,0.00028972449945285916,0.017021295469289616,-0.6230798959732056,0.027968507260084152,0.014160792343318462
