site_id,mse,rmse,r2,relative_error,mae
US-KS1,0.0007570974412374198,0.027515403708421576,0.3481956124305725,0.03637290373444557,0.019009161740541458
