site_id,mse,rmse,r2,relative_error,mae
US-Wi2,0.000570752308703959,0.02389042294945736,0.21809899806976318,0.03776819631457329,0.01941533386707306
