site_id,mse,rmse,r2,relative_error,mae
GL-ZaF,0.0002680306788533926,0.01637164252154904,-0.8449679613113403,0.02478105202317238,0.01251541543751955
