site_id,mse,rmse,r2,relative_error,mae
US-Wi1,0.0022919317707419395,0.04787412422950356,0.4682076573371887,0.0553668774664402,0.032045863568782806
