site_id,mse,rmse,r2,relative_error,mae
US-WPT,0.0004038172774016857,0.020095205333653242,0.18422138690948486,0.03239792212843895,0.016443779692053795
