site_id,mse,rmse,r2,relative_error,mae
US-Ses,0.0005141533329151571,0.022674949457830267,-30.970304489135742,0.03892358019948006,0.01956409215927124
