site_id,mse,rmse,r2,relative_error,mae
US-Myb,0.0005657740402966738,0.023786005135303274,0.504666268825531,0.030960815027356148,0.01643734984099865
