site_id,mse,rmse,r2,relative_error,mae
PA-SPn,0.0007715544197708368,0.027776868429879507,0.5130776166915894,0.04397156462073326,0.023102257400751114
