site_id,mse,rmse,r2,relative_error,mae
DK-Skj,0.00026849875575862825,0.016385931641460863,0.6655554175376892,0.021563269197940826,0.01128414086997509
