site_id,mse,rmse,r2,relative_error,mae
FR-Pue,0.00029743448249064386,0.017246288948369264,0.444918155670166,0.02586108073592186,0.01335377711802721
