site_id,mse,rmse,r2,relative_error,mae
BE-Vie,0.0012773126363754272,0.03573951085808852,0.07494008541107178,0.04514171555638313,0.02423666976392269
