site_id,mse,rmse,r2,relative_error,mae
US-Wi8,0.000591087678913027,0.02431229480968481,0.23822665214538574,0.03775188326835632,0.0192753653973341
