site_id,mse,rmse,r2,relative_error,mae
IT-Tor,0.0004047839902341366,0.020119244275919924,0.456869900226593,0.030519580468535423,0.015629082918167114
