site_id,mse,rmse,r2,relative_error,mae
AU-Whr,0.0001390890101902187,0.011793600391323197,0.7238066792488098,0.016851335763931274,0.008772065863013268
