site_id,mse,rmse,r2,relative_error,mae
US-Wi5,0.0005576481926254928,0.023614575851060565,0.4764026403427124,0.031139444559812546,0.016122765839099884
