site_id,mse,rmse,r2,relative_error,mae
US-KFS,0.0004527323762886226,0.021277508695536296,0.47407346963882446,0.02989662066102028,0.015520610846579075
