site_id,mse,rmse,r2,relative_error,mae
CA-NS1,0.0003388368058949709,0.018407520362476063,0.16605055332183838,0.029477456584572792,0.014969060197472572
