site_id,mse,rmse,r2,relative_error,mae
GL-NuF,0.0006023204769007862,0.024542218255503845,-4.157201766967773,0.03130006417632103,0.01596219278872013
