site_id,mse,rmse,r2,relative_error,mae
GF-Guy,0.0055891587398946285,0.07476067642748177,-0.5241107940673828,0.10365913063287735,0.05761876702308655
