site_id,mse,rmse,r2,relative_error,mae
ES-LgS,0.0008592488593421876,0.02931294695765316,-7.634854316711426,0.03645758330821991,0.018566790968179703
