site_id,mse,rmse,r2,relative_error,mae
AU-ASM,0.0005465840804390609,0.02337913771803958,-5.669264793395996,0.03575329855084419,0.018057871609926224
