site_id,mse,rmse,r2,relative_error,mae
US-Hn3,0.0017037290381267667,0.041276252714203196,-9.120115280151367,0.04617522284388542,0.02337995357811451
