site_id,mse,rmse,r2,relative_error,mae
CN-Cha,0.0006861048168502748,0.026193602593959364,0.5649199485778809,0.03688056394457817,0.019807789474725723
