site_id,mse,rmse,r2,relative_error,mae
BE-Bra,0.0008721317863091826,0.029531877459944577,0.2603824734687805,0.03671412542462349,0.019328368827700615
