site_id,mse,rmse,r2,relative_error,mae
DE-Hzd,0.0008349952986463904,0.028896285204960005,0.3919209837913513,0.038482461124658585,0.020401105284690857
