site_id,mse,rmse,r2,relative_error,mae
US-Lin,0.0005747364484705031,0.023973661557436382,-2.21903920173645,0.03395810350775719,0.017253179103136063
