site_id,mse,rmse,r2,relative_error,mae
CA-SF3,0.0008710632100701332,0.029513780003078787,-1.4213523864746094,0.039468321949243546,0.02033410593867302
