site_id,mse,rmse,r2,relative_error,mae
CA-SF2,0.001264359219931066,0.03555782923536061,0.2987474203109741,0.04336278885602951,0.02370521053671837
