site_id,mse,rmse,r2,relative_error,mae
FI-Let,0.00034775413223542273,0.018648166993981547,0.6284114122390747,0.025213589891791344,0.013362893834710121
