site_id,mse,rmse,r2,relative_error,mae
CA-NS3,0.003729787888005376,0.061071989389616055,-13.018091201782227,0.08598408102989197,0.04370032250881195
