site_id,mse,rmse,r2,relative_error,mae
AU-Ync,0.000640449405182153,0.025307101872441912,-5.572037696838379,0.03705781698226929,0.018597198650240898
