site_id,mse,rmse,r2,relative_error,mae
IT-MBo,0.0007975283660925925,0.028240544720181875,0.4432471990585327,0.03644952550530434,0.019427279010415077
