site_id,mse,rmse,r2,relative_error,mae
US-xUK,0.0006039447616785765,0.024575287621482204,0.5936722755432129,0.0318586640059948,0.016976462677121162
