site_id,mse,rmse,r2,relative_error,mae
DE-Lkb,0.00032744466443546116,0.0180954321428216,-0.9268155097961426,0.02750888466835022,0.014034456573426723
