site_id,mse,rmse,r2,relative_error,mae
AU-TTE,0.0007317657000385225,0.0270511681825115,-17.68461036682129,0.044043153524398804,0.02199343778192997
