site_id,mse,rmse,r2,relative_error,mae
FR-Tou,0.000290506926830858,0.017044263751504727,0.5848610401153564,0.022093569859862328,0.011678438633680344
