site_id,mse,rmse,r2,relative_error,mae
DE-Gri,0.000604683009441942,0.02459030315880514,0.5260320901870728,0.03216635808348656,0.017236990854144096
