site_id,mse,rmse,r2,relative_error,mae
DE-RuW,0.0008476529619656503,0.029114480279847865,0.5383099913597107,0.03801645338535309,0.020656676962971687
