site_id,mse,rmse,r2,relative_error,mae
CH-Oe1,0.0008835666230879724,0.02972484857973161,0.5297422409057617,0.03226488456130028,0.018289590254426003
