site_id,mse,rmse,r2,relative_error,mae
AU-Lox,0.0012159609468653798,0.03487063158110819,0.5101121664047241,0.03820468485355377,0.022456560283899307
