site_id,mse,rmse,r2,relative_error,mae
US-ONA,0.0007116873166523874,0.026677468332890725,0.4029685854911804,0.03696257621049881,0.02005879022181034
