site_id,mse,rmse,r2,relative_error,mae
RU-Che,0.00031647912692278624,0.01778986022774733,-1.8724558353424072,0.029196225106716156,0.014755205251276493
