site_id,mse,rmse,r2,relative_error,mae
DE-RuS,0.0011372402077540755,0.033722992271654595,0.4448108673095703,0.03407002240419388,0.01940823718905449
