site_id,mse,rmse,r2,relative_error,mae
US-Ro5,0.0012021572329103947,0.034672139145290624,0.37405186891555786,0.04135071858763695,0.02253076061606407
