site_id,mse,rmse,r2,relative_error,mae
US-ARM,0.0007838713936507702,0.027997703363861298,0.11754769086837769,0.032911624759435654,0.01737159676849842
