site_id,mse,rmse,r2,relative_error,mae
IT-Lav,0.0009926512138918042,0.03150636783083388,0.5341312885284424,0.03906239569187164,0.021735914051532745
