site_id,mse,rmse,r2,relative_error,mae
CA-SF1,0.00033875188091769814,0.01840521341679303,0.6696139574050903,0.02639414183795452,0.013915476389229298
