site_id,mse,rmse,r2,relative_error,mae
SE-Htm,0.0009816191159188747,0.03133080139286058,0.46290385723114014,0.03762296214699745,0.02083955891430378
