site_id,mse,rmse,r2,relative_error,mae
IT-Cpz,0.0004867702373303473,0.022062870106365293,0.5981754064559937,0.03374602645635605,0.017806364223361015
