site_id,mse,rmse,r2,relative_error,mae
CA-Gro,0.00044424322550185025,0.021077078201255747,0.41732341051101685,0.031191660091280937,0.016115449368953705
