site_id,mse,rmse,r2,relative_error,mae
US-NC1,0.0008222564938478172,0.028675015149914343,0.6048206090927124,0.039074648171663284,0.021345188841223717
