site_id,mse,rmse,r2,relative_error,mae
ES-Abr,0.00027898349799215794,0.01670279910650182,0.3487158417701721,0.022907700389623642,0.011804286390542984
