site_id,mse,rmse,r2,relative_error,mae
US-Twt,0.0010621065739542246,0.0325899765871997,0.45133405923843384,0.03849294036626816,0.02113303355872631
