site_id,mse,rmse,r2,relative_error,mae
DE-Lnf,0.000672238995321095,0.025927572106178683,0.6110619306564331,0.031778279691934586,0.017501618713140488
