site_id,mse,rmse,r2,relative_error,mae
CZ-RAJ,0.0003192250442225486,0.017866870017508623,0.6938422918319702,0.026125887408852577,0.013844127766788006
