site_id,mse,rmse,r2,relative_error,mae
CH-Dav,0.0009167601820081472,0.030278047856626213,0.13796615600585938,0.03893459588289261,0.020233308896422386
