site_id,mse,rmse,r2,relative_error,mae
CA-Oas,0.0017304811626672745,0.0415990524251127,-0.5620745420455933,0.05985967814922333,0.031247233971953392
