site_id,mse,rmse,r2,relative_error,mae
CA-ARB,0.0003920258895959705,0.019799643673459644,-2.971264123916626,0.03069327026605606,0.015598351135849953
