site_id,mse,rmse,r2,relative_error,mae
CH-Fru,0.001018495880998671,0.031913882261465326,0.5616894960403442,0.03939812257885933,0.02187465876340866
