site_id,mse,rmse,r2,relative_error,mae
FR-LGt,0.0003441890003159642,0.01855233139839746,0.524040162563324,0.028827408328652382,0.014896460808813572
