site_id,mse,rmse,r2,relative_error,mae
US-Wi7,0.0006495241541415453,0.02548576375433048,0.16778886318206787,0.038620006293058395,0.01973704621195793
