site_id,mse,rmse,r2,relative_error,mae
US-HWB,0.0013791184173896909,0.03713648364330811,0.4640577435493469,0.05176093801856041,0.022376220673322678
