site_id,mse,rmse,r2,relative_error,mae
CA-LP1,0.0002941532584372908,0.017150896723999325,-0.30524396896362305,0.027063295245170593,0.013773247599601746
