site_id,mse,rmse,r2,relative_error,mae
CN-Du3,0.0004679833073168993,0.021632921839568952,-22.369731903076172,0.03721538558602333,0.018510038033127785
