site_id,mse,rmse,r2,relative_error,mae
CA-DBB,0.000597081205341965,0.02443524514593551,-3.987563133239746,0.036237020045518875,0.018402205780148506
