site_id,mse,rmse,r2,relative_error,mae
CN-Ha2,0.0004306966729927808,0.02075323283232713,0.18712985515594482,0.03436743840575218,0.017536642029881477
