site_id,mse,rmse,r2,relative_error,mae
FR-LBr,0.0012641929788514972,0.03555549154281933,0.014097154140472412,0.047794632613658905,0.025562593713402748
