site_id,mse,rmse,r2,relative_error,mae
IT-SRo,0.0013296882389113307,0.03646489049635732,0.12031590938568115,0.04637795314192772,0.024907954037189484
