site_id,mse,rmse,r2,relative_error,mae
AR-SLu,0.0007857693126425147,0.028031577063064337,0.6284734010696411,0.032943472266197205,0.01895689219236374
