site_id,mse,rmse,r2,relative_error,mae
DE-SfN,0.00027563751791603863,0.016602334712805866,0.2470816969871521,0.024718092754483223,0.012623351067304611
