site_id,mse,rmse,r2,relative_error,mae
DE-Obe,0.0005678888992406428,0.023830419619483054,0.5929444432258606,0.0322393961250782,0.017335444688796997
