site_id,mse,rmse,r2,relative_error,mae
IT-CA3,0.0005310775013640523,0.02304511881861433,0.5323730707168579,0.025718968361616135,0.014035165309906006
