site_id,mse,rmse,r2,relative_error,mae
DE-Geb,0.0006434905808418989,0.025367116131754096,0.5044006109237671,0.02871224656701088,0.01559740211814642
