site_id,mse,rmse,r2,relative_error,mae
AT-Neu,0.001601870753802359,0.0400233775911324,0.47630375623703003,0.04459988325834274,0.025509001687169075
