site_id,mse,rmse,r2,relative_error,mae
FR-Mej,0.0009859430138021708,0.03139972951797787,0.45375651121139526,0.0358501635491848,0.019996067509055138
