site_id,mse,rmse,r2,relative_error,mae
FI-Lom,0.00020405488612595946,0.014284778126591938,0.014018058776855469,0.02183624543249607,0.011053582653403282
