site_id,mse,rmse,r2,relative_error,mae
US-xHE,0.020442107692360878,0.14297589899126664,-146.78323364257812,0.05811985209584236,0.029297050088644028
