site_id,mse,rmse,r2,relative_error,mae
US-Wi4,0.0007498252671211958,0.027382937518118756,0.5941890478134155,0.038282789289951324,0.020509734749794006
