site_id,mse,rmse,r2,relative_error,mae
BR-Sa3,0.0016272836364805698,0.04033960382156188,0.5000724792480469,0.059573784470558167,0.03243454173207283
