site_id,mse,rmse,r2,relative_error,mae
US-xNG,0.00037951828562654555,0.019481229058417888,-0.4464099407196045,0.02921667881309986,0.01482967846095562
