site_id,mse,rmse,r2,relative_error,mae
US-Me5,0.00021189454128034413,0.014556597860775853,0.22221964597702026,0.021035123616456985,0.010859397239983082
