site_id,mse,rmse,r2,relative_error,mae
US-Me6,0.0004381171311251819,0.02093124772021921,-0.11741077899932861,0.024311864748597145,0.012589700520038605
