site_id,mse,rmse,r2,relative_error,mae
US-Snf,0.007392356637865305,0.08597881505269368,-6.348878860473633,0.15701334178447723,0.0822145938873291
