site_id,mse,rmse,r2,relative_error,mae
FR-Aur,0.0007815088029019535,0.027955478942453364,0.32381492853164673,0.03213518485426903,0.017263321205973625
