site_id,mse,rmse,r2,relative_error,mae
NL-Loo,0.00087480538059026,0.029577109064110034,0.2600856423377991,0.03946482762694359,0.02099514752626419
