site_id,mse,rmse,r2,relative_error,mae
US-xJE,0.0006002115551382303,0.024499215398421034,0.634323239326477,0.033678267151117325,0.017952600494027138
