site_id,mse,rmse,r2,relative_error,mae
US-Ro1,0.0013556021731346846,0.0368185031354438,0.22004669904708862,0.04422151669859886,0.023738877847790718
