site_id,mse,rmse,r2,relative_error,mae
MY-PSO,0.0009320677490904927,0.030529784622405916,0.5809580683708191,0.050200287252664566,0.02638331428170204
