site_id,mse,rmse,r2,relative_error,mae
CN-Dan,0.0005283078062348068,0.02298494738377286,-6.850618839263916,0.03956647217273712,0.019974572584033012
