site_id,mse,rmse,r2,relative_error,mae
AU-Emr,0.000511007965542376,0.02260548529765234,-1.7115025520324707,0.029761288315057755,0.01513152476400137
