site_id,mse,rmse,r2,relative_error,mae
GL-ZaH,0.00034178601345047355,0.018487455569939134,-20.369916915893555,0.030314771458506584,0.015292083844542503
