site_id,mse,rmse,r2,relative_error,mae
AU-DaP,0.0007674716762267053,0.027703279160177147,0.46507513523101807,0.03897677734494209,0.020505079999566078
