site_id,mse,rmse,r2,relative_error,mae
US-MOz,0.0006432020454667509,0.025361428300999744,0.543878436088562,0.03484027460217476,0.0184452123939991
