site_id,mse,rmse,r2,relative_error,mae
IT-Ro2,0.000828237971290946,0.02877912387983599,0.4062801003456116,0.03824290260672569,0.020396020263433456
