site_id,mse,rmse,r2,relative_error,mae
US-xML,0.0005444387788884342,0.023333211928245844,0.15125703811645508,0.03462184593081474,0.017689131200313568
