site_id,mse,rmse,r2,relative_error,mae
IT-Cp2,0.0018311322201043367,0.042791730744436325,-0.25807416439056396,0.0566699244081974,0.0302280206233263
