site_id,mse,rmse,r2,relative_error,mae
US-AR1,0.0004155116912443191,0.020384103886222693,-0.7539985179901123,0.03032466396689415,0.015387261286377907
