site_id,mse,rmse,r2,relative_error,mae
IT-Ren,0.000570144213270396,0.023877692796214545,0.5327836871147156,0.033155590295791626,0.017575837671756744
