site_id,mse,rmse,r2,relative_error,mae
DK-Fou,0.000397339987102896,0.019933388751110434,0.4855406880378723,0.0280540119856596,0.014816345646977425
