site_id,mse,rmse,r2,relative_error,mae
AU-DaS,0.0003212218580301851,0.017922663251598102,0.6584941148757935,0.023722538724541664,0.012556429021060467
