site_id,mse,rmse,r2,relative_error,mae
FR-Hes,0.000989031745120883,0.0314488751010411,0.5508740544319153,0.04023337736725807,0.022022794932127
