site_id,mse,rmse,r2,relative_error,mae
US-Wkg,0.0005043688579462469,0.022458157937512303,-4.807593822479248,0.036784447729587555,0.01851692795753479
