site_id,mse,rmse,r2,relative_error,mae
ES-LM1,0.00024027182371355593,0.015500703974773402,0.6301761865615845,0.02101241424679756,0.011042437516152859
