site_id,mse,rmse,r2,relative_error,mae
SE-Deg,0.000534759892616421,0.023124876056239113,-8.90939998626709,0.032654426991939545,0.016560563817620277
