site_id,mse,rmse,r2,relative_error,mae
SE-Lnn,0.0004026804817840457,0.02006690015383656,0.5121651887893677,0.025515956804156303,0.013496827334165573
