site_id,mse,rmse,r2,relative_error,mae
ES-Amo,0.0008586847106926143,0.029303322519683914,-13.721068382263184,0.04107898846268654,0.020320696756243706
