site_id,mse,rmse,r2,relative_error,mae
IT-CA2,0.0018471056828275323,0.042977967411541605,-1.1371092796325684,0.04966392368078232,0.02628045529127121
