site_id,mse,rmse,r2,relative_error,mae
CH-Oe2,0.0009633594891056418,0.031038032945172957,0.37698185443878174,0.0361163429915905,0.019523102790117264
