site_id,mse,rmse,r2,relative_error,mae
CA-NS6,0.00039894229848869145,0.019973539958872875,-1.1516392230987549,0.033314403146505356,0.016854960471391678
