site_id,mse,rmse,r2,relative_error,mae
CA-NS7,0.0005930148181505501,0.024351895576126104,-2.0151126384735107,0.035580024123191833,0.01801459863781929
