site_id,mse,rmse,r2,relative_error,mae
US-KLS,0.0005760625354014337,0.024001302785503827,0.3795440196990967,0.03116895817220211,0.016433734446763992
