site_id,mse,rmse,r2,relative_error,mae
US-Prr,0.0008502184646204114,0.0291585058708503,-5.867122650146484,0.04566488415002823,0.02306179516017437
