site_id,mse,rmse,r2,relative_error,mae
CA-TP1,0.0004499186761677265,0.021211286527877713,0.3580173850059509,0.02962755225598812,0.015318958088755608
