site_id,mse,rmse,r2,relative_error,mae
RU-Ha1,0.00023882152163423598,0.015453851352793452,0.10989809036254883,0.02414022944867611,0.012301165610551834
