site_id,mse,rmse,r2,relative_error,mae
US-Tw4,0.0004168719460722059,0.020417442202004782,-0.4197899103164673,0.027905277907848358,0.01419170293956995
