site_id,mse,rmse,r2,relative_error,mae
AU-GWW,0.0003759344108402729,0.019389028104582057,-4.425973415374756,0.027870913967490196,0.01420575100928545
