site_id,mse,rmse,r2,relative_error,mae
US-xCP,0.00043624211684800684,0.020886409860193945,-3.6500449180603027,0.033783912658691406,0.01701781153678894
