site_id,mse,rmse,r2,relative_error,mae
FR-EM2,0.001557326759211719,0.039462979603822605,0.3881227374076843,0.034961916506290436,0.02054688334465027
