site_id,mse,rmse,r2,relative_error,mae
BR-Npw,0.0012151513947173953,0.03485902171199581,0.46464258432388306,0.047974951565265656,0.025299901142716408
