site_id,mse,rmse,r2,relative_error,mae
CZ-Lnz,0.0016908388352021575,0.041119810738890296,0.22488218545913696,0.04481736943125725,0.02497430332005024
