site_id,mse,rmse,r2,relative_error,mae
US-ICs,0.0005423661787062883,0.023288756486903466,-8.75395393371582,0.033940061926841736,0.01710469089448452
