site_id,mse,rmse,r2,relative_error,mae
FI-Sii,0.00031290328479371965,0.017689072468439933,-2.6853137016296387,0.0265633724629879,0.013519064523279667
