site_id,mse,rmse,r2,relative_error,mae
CA-Qfo,0.0002475891960784793,0.01573496730465238,0.10821634531021118,0.02419253997504711,0.012316620908677578
