site_id,mse,rmse,r2,relative_error,mae
US-NC4,0.001338719273917377,0.0365885128683495,0.3955448865890503,0.04688510671257973,0.02512834034860134
