site_id,mse,rmse,r2,relative_error,mae
US-xSB,0.00024511702940799296,0.015656213763486783,0.6364165544509888,0.024520212784409523,0.012641236186027527
