site_id,mse,rmse,r2,relative_error,mae
US-HB1,0.00307192443870008,0.05542494419212418,-5.302554607391357,0.10364515334367752,0.05310806632041931
