site_id,mse,rmse,r2,relative_error,mae
CA-NS4,0.0019904838409274817,0.04461483879750639,-8.943025588989258,0.05544424057006836,0.02799520269036293
