site_id,mse,rmse,r2,relative_error,mae
US-Ivo,0.0003982774505857378,0.01995688980241505,-3.256561756134033,0.03390951082110405,0.017090924084186554
