site_id,mse,rmse,r2,relative_error,mae
DK-Sor,0.0016902722418308258,0.04111292061908064,0.24316972494125366,0.04770323634147644,0.02668558433651924
