site_id,mse,rmse,r2,relative_error,mae
US-xYE,0.00030448526376858354,0.017449506118185222,-0.060836076736450195,0.028660420328378677,0.014534026384353638
