site_id,mse,rmse,r2,relative_error,mae
DE-Hte,0.0003582519420888275,0.01892754453406008,0.3370587229728699,0.028386615216732025,0.014550816267728806
