site_id,mse,rmse,r2,relative_error,mae
DE-HoH,0.0006211255677044392,0.024922390890611584,0.6363965272903442,0.03199870511889458,0.017436299473047256
