site_id,mse,rmse,r2,relative_error,mae
IT-La2,0.0016929737757891417,0.04114576254961307,0.09088599681854248,0.0460253544151783,0.02531709522008896
