site_id,mse,rmse,r2,relative_error,mae
US-Syv,0.0005062489653937519,0.022499977008738296,0.5616957545280457,0.03275468945503235,0.017143292352557182
