site_id,mse,rmse,r2,relative_error,mae
ZM-Mon,0.000332107039866969,0.018223804209521376,0.6901746988296509,0.02477521449327469,0.013187847100198269
