site_id,mse,rmse,r2,relative_error,mae
FR-Fon,0.0009486223571002483,0.03079971358795806,0.5523104071617126,0.03937431797385216,0.021425146609544754
