site_id,mse,rmse,r2,relative_error,mae
CA-DB2,0.00046275899512693286,0.021511833839236785,-3.237018585205078,0.03154461085796356,0.01604742556810379
