site_id,mse,rmse,r2,relative_error,mae
US-SRM,0.0005158117855899036,0.02271149016665141,-4.164876937866211,0.035488661378622055,0.017888620495796204
