site_id,mse,rmse,r2,relative_error,mae
US-A32,0.000815222505480051,0.028552101594804733,0.5346779823303223,0.031249752268195152,0.017534596845507622
