site_id,mse,rmse,r2,relative_error,mae
US-Wi3,0.0007364414632320404,0.02713745498811634,0.6167677640914917,0.03830664977431297,0.020568309351801872
