site_id,mse,rmse,r2,relative_error,mae
SJ-Adv,0.0012283665128052235,0.03504806004339218,-12.006803512573242,0.04125407338142395,0.020943658426404
