site_id,mse,rmse,r2,relative_error,mae
DK-Vng,0.0009470547083765268,0.03077425398570251,0.16765904426574707,0.033663537353277206,0.018051592633128166
