site_id,mse,rmse,r2,relative_error,mae
AU-Wom,0.0003794478252530098,0.019479420557424437,0.7290118336677551,0.02973010204732418,0.01590508595108986
