site_id,mse,rmse,r2,relative_error,mae
FI-Sod,0.0002754746819846332,0.016597429981314374,-0.10464465618133545,0.02161569334566593,0.010984963737428188
