site_id,mse,rmse,r2,relative_error,mae
SE-Ros,0.0001649949699640274,0.012845036783288221,0.6732637882232666,0.01999863237142563,0.010290059261023998
