site_id,mse,rmse,r2,relative_error,mae
US-xSR,0.00047170178731903434,0.021718696722387243,-12.18132209777832,0.03525194153189659,0.01772882416844368
