site_id,mse,rmse,r2,relative_error,mae
IT-Isp,0.0010460175108164549,0.03234219397036099,0.5667251348495483,0.03723535314202309,0.021166009828448296
