site_id,mse,rmse,r2,relative_error,mae
CN-Du2,0.0005199467996135354,0.02280234197650617,-4.851147651672363,0.037230394780635834,0.018779603764414787
