site_id,mse,rmse,r2,relative_error,mae
US-WCr,0.0008722765487618744,0.029534328310660368,0.3541795015335083,0.04240424558520317,0.02221381850540638
