site_id,mse,rmse,r2,relative_error,mae
US-AR2,0.0004963843384757638,0.022279684433935857,-3.0995378494262695,0.03261170536279678,0.016420230269432068
