site_id,mse,rmse,r2,relative_error,mae
US-Oho,0.0009614662267267704,0.03100751887408553,0.5757201910018921,0.04005306586623192,0.022031353786587715
