site_id,mse,rmse,r2,relative_error,mae
US-LWW,0.004658442921936512,0.06825278691699345,-14.837642669677734,0.12689915299415588,0.06421980261802673
