site_id,mse,rmse,r2,relative_error,mae
US-BZB,0.00030212695128284395,0.01738179942591802,-0.723279595375061,0.029149504378437996,0.014775867573916912
