site_id,mse,rmse,r2,relative_error,mae
US-Ro4,0.0007325818878598511,0.027066249977783237,0.4862460494041443,0.03763078525662422,0.020048486068844795
