site_id,mse,rmse,r2,relative_error,mae
SE-Nor,0.0006668277783319354,0.02582300870022576,0.30164653062820435,0.029916536062955856,0.015713859349489212
