site_id,mse,rmse,r2,relative_error,mae
US-xKZ,0.0004185387515462935,0.020458219657298958,0.5479427576065063,0.0304688960313797,0.01585005782544613
