site_id,mse,rmse,r2,relative_error,mae
BE-Maa,0.0005841429810971022,0.024169050066088698,-2.663137435913086,0.0312367994338274,0.015969980508089066
