site_id,mse,rmse,r2,relative_error,mae
IT-Noe,0.0004526536795310676,0.021275659320713604,0.07123863697052002,0.03142353892326355,0.016180453822016716
