site_id,mse,rmse,r2,relative_error,mae
US-Jo2,0.0011553550139069557,0.033990513586984177,-14.792723655700684,0.04359663650393486,0.022024337202310562
