site_id,mse,rmse,r2,relative_error,mae
DE-Hai,0.000683474529068917,0.026143345789491387,0.5679284334182739,0.03356151282787323,0.018158921971917152
