site_id,mse,rmse,r2,relative_error,mae
IT-Ro1,0.0005548411863856018,0.023555067106370165,0.520578145980835,0.029986998066306114,0.01606622152030468
