site_id,mse,rmse,r2,relative_error,mae
CA-ARF,0.00038026674883440137,0.019500429452563382,-0.9073117971420288,0.029106421396136284,0.014784608036279678
