site_id,mse,rmse,r2,relative_error,mae
US-KS3,0.000277033046586439,0.01664430973595598,0.6594827175140381,0.02286156825721264,0.01193080935627222
