site_id,mse,rmse,r2,relative_error,mae
MX-Tes,0.0008555377717129886,0.029249577291184714,-8.538430213928223,0.042776498943567276,0.021666593849658966
