site_id,mse,rmse,r2,relative_error,mae
US-ARb,0.0006433834205381572,0.025365003854487332,0.48492181301116943,0.03472212329506874,0.018293175846338272
