site_id,mse,rmse,r2,relative_error,mae
AU-Wac,0.0013392855180427432,0.036596250054380476,0.3364861011505127,0.043734125792980194,0.023351697251200676
