site_id,mse,rmse,r2,relative_error,mae
US-NR1,0.0003789109759964049,0.0194656357716979,0.18134623765945435,0.0282107163220644,0.014435435645282269
