site_id,mse,rmse,r2,relative_error,mae
CH-Aws,0.0010324280010536313,0.03213141766330318,0.4994184374809265,0.038503773510456085,0.021084411069750786
