site_id,mse,rmse,r2,relative_error,mae
US-Ho2,0.0013725438620895147,0.03704785907565395,-0.01679205894470215,0.04758346825838089,0.02502654865384102
