site_id,mse,rmse,r2,relative_error,mae
US-Wi9,0.000694572227075696,0.026354738228176276,0.05641525983810425,0.03906059265136719,0.019963176921010017
