site_id,mse,rmse,r2,relative_error,mae
US-Me3,0.00022102482034824789,0.01486690352253111,0.14600902795791626,0.02078148163855076,0.010679523460566998
