site_id,mse,rmse,r2,relative_error,mae
US-xKA,0.0008837215136736631,0.02972745387135708,-0.18068206310272217,0.038466740399599075,0.019920596852898598
