site_id,mse,rmse,r2,relative_error,mae
US-Seg,0.0004824506468139589,0.021964759202275787,-10.990716934204102,0.037539344280958176,0.018882356584072113
