site_id,mse,rmse,r2,relative_error,mae
US-Var,0.0006652299198321998,0.025792051485529408,-0.10374295711517334,0.03411614149808884,0.01738106459379196
