site_id,mse,rmse,r2,relative_error,mae
IT-PT1,0.0006858377601020038,0.026188504350229774,0.6290971040725708,0.03288642689585686,0.01811339519917965
