site_id,mse,rmse,r2,relative_error,mae
AU-How,0.0004915424506179988,0.022170756654160427,0.6545374393463135,0.03044593147933483,0.016268985345959663
