site_id,mse,rmse,r2,relative_error,mae
JP-SMF,0.00041440362110733986,0.02035690598070689,0.5859300494194031,0.030236877501010895,0.015717430040240288
