site_id,mse,rmse,r2,relative_error,mae
US-ARc,0.00045584701001644135,0.02135057399735289,0.5761321783065796,0.03115192800760269,0.016309089958667755
