site_id,mse,rmse,r2,relative_error,mae
AU-Gin,0.00019138495554216206,0.013834195153392988,0.530231773853302,0.018892329186201096,0.009839015081524849
