site_id,mse,rmse,r2,relative_error,mae
FR-Bil,0.0004132996837142855,0.020329773331601252,0.6653450131416321,0.026895027607679367,0.01459941454231739
