site_id,mse,rmse,r2,relative_error,mae
US-xDS,0.0003458811261225492,0.01859787961361588,0.4508056640625,0.03056342341005802,0.015734372660517693
