site_id,mse,rmse,r2,relative_error,mae
US-Me4,0.004027837421745062,0.06346524577865481,-3.6080832481384277,0.10932374745607376,0.05746820569038391
