site_id,mse,rmse,r2,relative_error,mae
SD-Dem,0.00041903858073055744,0.02047043186477895,-0.09376037120819092,0.03225389122962952,0.016519449651241302
