site_id,mse,rmse,r2,relative_error,mae
CA-TPD,0.0007465187809430063,0.027322495876896134,0.4942588806152344,0.0368565134704113,0.019500531256198883
