site_id,mse,rmse,r2,relative_error,mae
IT-Lsn,0.00021107023349031806,0.014528256381628116,0.7133597731590271,0.021306995302438736,0.011155549436807632
