site_id,mse,rmse,r2,relative_error,mae
US-xRM,0.0002870646130759269,0.016942981233417184,-0.19859373569488525,0.025482013821601868,0.012964842841029167
