site_id,mse,rmse,r2,relative_error,mae
CH-Cha,0.0019509398844093084,0.04416944514491107,0.37858664989471436,0.05122744292020798,0.029060469940304756
