site_id,mse,rmse,r2,relative_error,mae
US-xTA,0.0004953569150529802,0.02225661508525005,0.6583728194236755,0.0323784239590168,0.017025304958224297
