site_id,mse,rmse,r2,relative_error,mae
NL-Hor,0.0015207772376015782,0.03899714396723917,-0.4658161401748657,0.04144657403230667,0.02207488939166069
