site_id,mse,rmse,r2,relative_error,mae
BE-Lon,0.0010148909641429782,0.03185735337630824,0.3720542788505554,0.03466162458062172,0.019068481400609016
