site_id,mse,rmse,r2,relative_error,mae
US-Wjs,0.0003163431538268924,0.017786038171186194,-1.421572208404541,0.02933802641928196,0.014903776347637177
