site_id,mse,rmse,r2,relative_error,mae
CZ-BK2,0.0005758213228546083,0.023996277270747816,0.34408748149871826,0.03457704931497574,0.017981482669711113
