site_id,mse,rmse,r2,relative_error,mae
ES-Agu,0.00043136830208823085,0.02076940784154018,-3.5263161659240723,0.029068347066640854,0.014631832018494606
