site_id,mse,rmse,r2,relative_error,mae
AU-RDF,0.0007382475305348635,0.027170710894911517,-0.39047956466674805,0.03678835928440094,0.01860317587852478
