site_id,mse,rmse,r2,relative_error,mae
US-Tw3,0.0010230388725176454,0.0319849788575457,0.5470790863037109,0.036021627485752106,0.02066379226744175
