site_id,mse,rmse,r2,relative_error,mae
CZ-wet,0.00039313905290327966,0.0198277344369769,0.576270580291748,0.027508104220032692,0.014401879161596298
