site_id,mse,rmse,r2,relative_error,mae
US-Whs,0.0005419173976406455,0.0232791193484772,-20.02389907836914,0.03881356492638588,0.019486844539642334
