site_id,mse,rmse,r2,relative_error,mae
CA-TP4,0.0004876782768405974,0.022083438972238842,0.625249981880188,0.031159285455942154,0.01645786687731743
