site_id,mse,rmse,r2,relative_error,mae
US-xSE,0.0007090583094395697,0.02662814881736186,0.5557543635368347,0.035363901406526566,0.018875138834118843
