site_id,mse,rmse,r2,relative_error,mae
US-Los,0.00041376252193003893,0.02034115340707205,0.4284987449645996,0.03182898089289665,0.016299104318022728
