site_id,mse,rmse,r2,relative_error,mae
US-xDC,0.00035568256862461567,0.01885954847350847,-0.0013207197189331055,0.029527708888053894,0.01499600987881422
