site_id,mse,rmse,r2,relative_error,mae
DE-Seh,0.0008164046448655427,0.028572795538160816,0.5168962478637695,0.03246140852570534,0.018028078600764275
