site_id,mse,rmse,r2,relative_error,mae
IT-SR2,0.0010203884448856115,0.03194351960704411,0.551489531993866,0.04229728877544403,0.023528406396508217
