site_id,mse,rmse,r2,relative_error,mae
CA-Obs,0.0004927730769850314,0.02219849267371619,-0.1982795000076294,0.03141788765788078,0.016045216470956802
