site_id,mse,rmse,r2,relative_error,mae
CH-Lae,0.0017253854312002659,0.041537759101813204,0.2752014398574829,0.051818255335092545,0.0269179567694664
