site_id,mse,rmse,r2,relative_error,mae
US-KS2,0.0006448295898735523,0.02539349503068753,0.38569241762161255,0.03250730782747269,0.01695813611149788
