site_id,mse,rmse,r2,relative_error,mae
US-Ro6,0.0006248360732570291,0.024996721250136567,0.43783050775527954,0.03585219383239746,0.018936360254883766
