site_id,mse,rmse,r2,relative_error,mae
US-xUN,0.000504600815474987,0.02246332155926605,0.517917275428772,0.03428160399198532,0.01783832535147667
