site_id,mse,rmse,r2,relative_error,mae
FI-Hyy,0.000929512083530426,0.030487900608773082,-0.3222651481628418,0.039912134408950806,0.020643046125769615
