site_id,mse,rmse,r2,relative_error,mae
CZ-KrP,0.0005253286799415946,0.022920049736891816,0.4725993871688843,0.02871151827275753,0.015257738530635834
