site_id,mse,rmse,r2,relative_error,mae
US-IB2,0.0005465621361508965,0.023378668399866073,0.5476081371307373,0.032652731984853745,0.01729232259094715
