site_id,mse,rmse,r2,relative_error,mae
IT-Col,0.001981358742341399,0.04451245603582664,-0.24334728717803955,0.057430218905210495,0.030662765726447105
