site_id,mse,rmse,r2,relative_error,mae
SE-Svb,0.00020694850536528975,0.014385704896364647,0.703770637512207,0.020973777398467064,0.010978532955050468
