site_id,mse,rmse,r2,relative_error,mae
CN-Qia,0.0003696223720908165,0.01922556558571988,0.7010072469711304,0.027021145448088646,0.014411892741918564
