site_id,mse,rmse,r2,relative_error,mae
IT-BFt,0.0012913449900224805,0.035935288923598215,0.5202003717422485,0.04555082321166992,0.025578148663043976
