site_id,mse,rmse,r2,relative_error,mae
US-xBR,0.0005388630088418722,0.023213423031553795,0.6076087951660156,0.03292636573314667,0.017412850633263588
