site_id,mse,rmse,r2,relative_error,mae
US-Ton,0.0003953895648010075,0.01988440506530199,0.19743561744689941,0.025726480409502983,0.013197636231780052
