site_id,mse,rmse,r2,relative_error,mae
DK-Gds,0.0006908395444042981,0.02628382666972787,0.5067117810249329,0.033095307648181915,0.01777637004852295
