site_id,mse,rmse,r2,relative_error,mae
US-Mpj,0.0003209672577213496,0.017915559095974358,-1.6146554946899414,0.025820782408118248,0.013192498125135899
