site_id,mse,rmse,r2,relative_error,mae
DE-Tha,0.0006794937653467059,0.02606710120720572,0.25078284740448,0.03612335026264191,0.018915705382823944
