site_id,mse,rmse,r2,relative_error,mae
US-xMB,0.000543968693818897,0.023323136449004817,-61.70711898803711,0.039893511682748795,0.02000492811203003
