site_id,mse,rmse,r2,relative_error,mae
FR-Gri,0.0012497453717514873,0.03535173788870198,0.1577397584915161,0.03569504991173744,0.019587362185120583
