site_id,mse,rmse,r2,relative_error,mae
AU-Rig,0.0004979202058166265,0.022314125701371913,0.3170378804206848,0.03049052320420742,0.015860876068472862
