site_id,mse,rmse,r2,relative_error,mae
US-Atq,0.00042380995000712574,0.020586644942950896,-7.759424209594727,0.03423663228750229,0.017209038138389587
