site_id,mse,rmse,r2,relative_error,mae
FR-Lam,0.0010113423923030496,0.03180160990112057,0.37886977195739746,0.03503889963030815,0.01926799863576889
