site_id,mse,rmse,r2,relative_error,mae
US-Sne,0.0007924356032162905,0.02815023273822599,-0.9406337738037109,0.03761754930019379,0.019321460276842117
