site_id,mse,rmse,r2,relative_error,mae
FI-Qvd,0.0004047219408676028,0.020117702176630482,0.633230447769165,0.025562109425663948,0.013770988211035728
