site_id,mse,rmse,r2,relative_error,mae
FR-FBn,0.00033443793654441833,0.018287644368382122,0.6302255392074585,0.02633754536509514,0.013937766663730145
