site_id,mse,rmse,r2,relative_error,mae
US-OWC,0.0006925975903868675,0.026317248913723248,0.5070720911026001,0.038533564656972885,0.02033018134534359
