site_id,mse,rmse,r2,relative_error,mae
PA-SPs,0.0011576524702832103,0.03402429235536296,0.539394736289978,0.05342329293489456,0.028869478031992912
