site_id,mse,rmse,r2,relative_error,mae
US-xST,0.0005415924242697656,0.02327213836908344,0.5933735966682434,0.03426700830459595,0.0181388258934021
