site,mse,rmse,r2_score,relative_error,mae
DE-Hai,0.004780799896941754,0.06914332865101126,0.6225837113390468,0.174923312498834,0.05090177957041227
