site,ensemble_mse_scaled,full_mse_scaled,ensemble_rmse_scaled,full_rmse_scaled,ensemble_r2,full_r2,ensemble_relative_error,full_relative_error,ensemble_mae,full_mae,O_hat_count
US-xTR,0.003635406093545584,0.003733505506798514,0.06029432886719599,0.06110241817472132,0.6429477948904276,0.633312939548104,0.09182572607039478,0.09331244016939995,0.044001959767387265,0.04469958305432612,820
