site,ensemble_mse_scaled,full_mse_scaled,ensemble_rmse_scaled,full_rmse_scaled,ensemble_r2,full_r2,ensemble_relative_error,full_relative_error,ensemble_mae,full_mae,O_hat_count
US-xNQ,0.0017078094823147236,0.0017305833594301245,0.041325651626014606,0.041600280761433864,0.07318050107548124,0.060821234075712605,0.0674086199039236,0.06760421001983652,0.03245303094351535,0.03253279505273145,820
