site,ensemble_mse_scaled,full_mse_scaled,ensemble_rmse_scaled,full_rmse_scaled,ensemble_r2,full_r2,ensemble_relative_error,full_relative_error,ensemble_mae,full_mae,O_hat_count
CZ-Stn,0.0023540734878531562,0.0023580317941042164,0.048518795201995236,0.04855956954199879,0.7231331208481127,0.7226675772259132,0.10327951380025771,0.10397346783510586,0.03530600989687169,0.035536855557802845,820
