site,ensemble_mse_scaled,full_mse_scaled,ensemble_rmse_scaled,full_rmse_scaled,ensemble_r2,full_r2,ensemble_relative_error,full_relative_error,ensemble_mae,full_mae,O_hat_count
AU-DaP,0.004559495924577375,0.004540725134576289,0.06752403960499827,0.06738490286834499,0.5479358400638781,0.5497969232962235,0.18265438110732443,0.18238370315532856,0.05436670340571073,0.054302908255987346,820
