site,ensemble_mse_scaled,full_mse_scaled,ensemble_rmse_scaled,full_rmse_scaled,ensemble_r2,full_r2,ensemble_relative_error,full_relative_error,ensemble_mae,full_mae,O_hat_count
US-xKA,0.0024311332748450285,0.002451424788246103,0.04930652365402603,0.04951186512590798,0.4016111422681984,0.3966166750165038,0.06442122876110765,0.06514464940719339,0.03045565637718058,0.030753489439652594,820
