site,ensemble_mse_scaled,full_mse_scaled,ensemble_rmse_scaled,full_rmse_scaled,ensemble_r2,full_r2,ensemble_relative_error,full_relative_error,ensemble_mae,full_mae,O_hat_count
CA-DB2,0.00014091737609968715,0.00016360743062158916,0.011870862483395516,0.012790912032438859,-0.04256752210371939,-0.21043833104188114,0.017921939175835747,0.018025131947865494,0.007316205499461196,0.007367410091565674,820
