site,ensemble_mse_scaled,full_mse_scaled,ensemble_rmse_scaled,full_rmse_scaled,ensemble_r2,full_r2,ensemble_relative_error,full_relative_error,ensemble_mae,full_mae,O_hat_count
US-Blo,0.07756836967817603,0.08209364828104568,0.27851098663818635,0.2865198915975044,-2.7052006411407117,-2.9213591765109657,0.19157236437646377,0.1971494442858362,0.09318191035692087,0.09548746176848262,820
