site,ensemble_mse_scaled,full_mse_scaled,ensemble_rmse_scaled,full_rmse_scaled,ensemble_r2,full_r2,ensemble_relative_error,full_relative_error,ensemble_mae,full_mae,O_hat_count
US-ICt,7.908236734831592e-05,7.975682147350286e-05,0.008892826735538926,0.008930667470771871,0.5017830396768179,0.4975339953525876,0.011032717169748579,0.01115143564110298,0.005144429158751598,0.00520188196673807,820
