cluster,mse,rmse
5,0.011887473985552788,0.1090296931370202
