cluster,mse,rmse
3,0.022455807775259018,0.14985262018149373
