cluster,mse,rmse
6,0.014705272391438484,0.12126529755638454
