cluster,mse,rmse
8,0.014841529540717602,0.12182581639668007
