cluster,mse,rmse
9,0.019127309322357178,0.1383015159799674
