cluster,mse,rmse
0,0.017439864575862885,0.13206007941790315
