cluster,mse,rmse
1,0.02024027332663536,0.14226831455610683
