cluster,mse,rmse
4,0.016785405576229095,0.12955850252387566
