cluster,mse,rmse
2,0.01713995635509491,0.1309196561066936
