cluster,mse,rmse
7,0.021617667749524117,0.1470294791853801
