cluster,mse,rmse
0,0.0006953362608328,0.0263692294319126
1,0.0008539473055861,0.029222376795637
2,0.0005908272578381,0.0243069384711053
3,0.0007749944343231,0.0278387218514636
4,0.0009695430053398,0.0311374855333535
5,0.0009898531716316,0.0314619321026489
6,0.0008838977082632,0.0297304172231613
7,0.0007109848666004,0.0266642994770251
8,0.0008704533684067,0.0295034467207942
9,0.0008654501871205,0.0294185347548205
