site,test_loss,mse,r2,relative_error,mae,rmse
DE-Hai,0.0027875741943717003,0.002787574,0.7799093127250671,0.085232094,0.028893454,0.05279748
